Tijdstempel,Achternaam Kind,Voornaam Kind,Groep,Aanwezigheid van het kind [Woensdag],Aanwezigheid van het kind [Donderdag],Aanwezigheid van het kind [Vrijdag],Aanwezigheid van het kind [Zaterdag],"Geef hier eventuele allergieën of dieetwensen (bijv. vegetarisch, veganistisch) van je kind aan:",Opmerkingen:,Dit is mijn eerste NTC zomerkamp,Ik blijf slapen op het kamp:,Opmerkingen overnachten:,Mijn beschikbaarheid als hulpouder is: [07:00 - 07:30],Mijn beschikbaarheid als hulpouder is: [07:30 - 09:00],Mijn beschikbaarheid als hulpouder is: [09:00 - 13:00],Mijn beschikbaarheid als hulpouder is: [13:00 - 15:30],Mijn beschikbaarheid als hulpouder is: [15:30 - 18:00],Mijn beschikbaarheid als hulpouder is: [18:00 - 21:00],Opmerkingen beschikbaarheid:,Heb je een auto beschikbaar (om bijvoorbeeld leerkrachten van het station op te halen),Eventuele voedselallergieën Ouder:,Naam Ouder,E-mail Ouder,Telefoonnummer Ouder,Chat apps,Klassenfoto,Foto's en video's tijdens het zomerkamp.,Opmerkingen foto's en video's,E-mailadres,Opmerkingen chat apps
2026-04-23 15:20:00.691000,Sestig,Sarah,Groep 3b,"Aanwezig tijdens de lessen, Aanwezig tijdens de naschoolse activiteiten","Aanwezig bij het ontbijt, Aanwezig tijdens de lessen, Aanwezig tijdens de naschoolse activiteiten","Aanwezig bij het ontbijt, Aanwezig tijdens de lessen, Aanwezig tijdens de naschoolse activiteiten","Aanwezig bij het ontbijt, Aanwezig tijdens de lessen, Aanwezig tijdens de naschoolse activiteiten",,,Nee,"Woensdagavond, Donderdagavond, Vrijdagavond",,"Woensdag, Donderdag, Vrijdag, Zaterdag",Zaterdag,,,"Donderdag, Vrijdag",,,Nee,,Evy van Venrooy,evy@ntc.fi,04570000000,Ik gebruik liever Whatsapp,Mijn kind mag deelnemen aan een klassenfoto,Alleen op de website en/of drukmateriaal,,,
2026-04-23 15:21:18.207000,Sestig,Sara,Groep 1,"Aanwezig tijdens de lessen, Aanwezig tijdens de naschoolse activiteiten","Aanwezig bij het ontbijt, Aanwezig tijdens de lessen, Aanwezig tijdens de naschoolse activiteiten","Aanwezig bij het ontbijt, Aanwezig tijdens de lessen, Aanwezig tijdens de naschoolse activiteiten","Aanwezig bij het ontbijt, Aanwezig tijdens de lessen, Aanwezig tijdens de naschoolse activiteiten",,,Nee,"Woensdagavond, Donderdagavond, Vrijdagavond",,,,,,,,,Nee,,Evy van Venrooy,evy@ntc.fi,04570000000,Ik gebruik liever Whatsapp,Mijn kind mag deelnemen aan een klassenfoto,Alleen op de website en/of drukmateriaal,,,
2026-04-23 15:54:09.663000,Eerden,Rosalie,Groep 8,Aanwezig tijdens de lessen,Aanwezig tijdens de lessen,Aanwezig tijdens de lessen,Aanwezig tijdens de lessen,Vegetarisch ,,Nee,Ik blijf niet slapen,,,,,,,,,Nee,,,,,,Mijn kind mag deelnemen aan een klassenfoto,Alleen op de website en/of drukmateriaal,,,
2026-04-23 15:55:37.711000,van de Leemput,Kyara,Groep 4,Aanwezig tijdens de lessen,Aanwezig tijdens de lessen,Aanwezig tijdens de lessen,Aanwezig tijdens de lessen,Vegetarisch ,,Nee,Ik blijf niet slapen,,,,,,,,,Nee,,,,0503000000,Ik gebruik liever Whatsapp,Mijn kind mag deelnemen aan een klassenfoto,Alleen op de website en/of drukmateriaal,,,
2026-04-23 16:01:06.760000,Ligtvoet,Kiki,Groep 7,"Aanwezig bij het ontbijt, Aanwezig tijdens de lessen, Aanwezig tijdens de naschoolse activiteiten","Aanwezig bij het ontbijt, Aanwezig tijdens de lessen, Aanwezig tijdens de naschoolse activiteiten","Aanwezig bij het ontbijt, Aanwezig tijdens de lessen, Aanwezig tijdens de naschoolse activiteiten","Aanwezig bij het ontbijt, Aanwezig tijdens de lessen, Aanwezig tijdens de naschoolse activiteiten",geen,,Nee,Ik blijf niet slapen,,,,"Woensdag, Donderdag, Vrijdag","Woensdag, Donderdag, Vrijdag","Woensdag, Donderdag, Vrijdag","Woensdag, Donderdag, Vrijdag",,Nee,geen,Hidde,hidde@ntc.fi,+31600000000,Ik gebruik liever Whatsapp,Mijn kind mag deelnemen aan een klassenfoto,"Op de website, in drukmateriaal en op social media (Instagram en Facebook)",,,
2026-04-23 16:02:24.782000,Coolen,Maartje,Groep 3a,"Aanwezig tijdens de lessen, Aanwezig bij het avondeten, Overnacht op het kamp","Aanwezig bij het ontbijt, Aanwezig tijdens de lessen, Aanwezig bij het avondeten, Overnacht op het kamp","Aanwezig bij het ontbijt, Aanwezig tijdens de lessen, Aanwezig bij het avondeten, Overnacht op het kamp","Aanwezig bij het ontbijt, Aanwezig tijdens de lessen, Aanwezig bij het avondeten, Overnacht op het kamp",-,,Nee,"Woensdagavond, Donderdagavond, Vrijdagavond",,,,"Woensdag, Donderdag, Vrijdag, Zaterdag",,,,,Nee,-,Amélie,amelie@ntc.fi,0445000000,Allebij goed,Mijn kind mag deelnemen aan een klassenfoto,Mijn kind mag niet herkenbaar in beeld komen,,,
2026-04-23 16:07:32.271000,Gepa van Bourgondië,Sami,Groep 4,,,,,,,Nee,,,,,,,,,,,,,,,,Mijn kind mag deelnemen aan een klassenfoto,"Op de website, in drukmateriaal en op social media (Instagram en Facebook)",,,
2026-04-23 17:04:19.867000,Rehorst,Job,Groep 3b,"Aanwezig tijdens de lessen, Aanwezig tijdens de naschoolse activiteiten, Aanwezig bij het avondeten, Overnacht op het kamp","Aanwezig bij het ontbijt, Aanwezig tijdens de lessen, Aanwezig tijdens de naschoolse activiteiten, Aanwezig bij het avondeten, Overnacht op het kamp","Aanwezig bij het ontbijt, Aanwezig tijdens de lessen, Aanwezig tijdens de naschoolse activiteiten, Aanwezig bij het avondeten, Overnacht op het kamp","Aanwezig bij het ontbijt, Aanwezig tijdens de lessen",,,Nee,"Woensdagavond, Donderdagavond, Vrijdagavond",,"Donderdag, Vrijdag, Zaterdag","Donderdag, Vrijdag, Zaterdag",,,"Woensdag, Donderdag, Vrijdag","Woensdag, Donderdag, Vrijdag",,Nee,,Mads,mads@ntc.fi,050-0000000,Allebij goed,Mijn kind mag deelnemen aan een klassenfoto,"Op de website, in drukmateriaal en op social media (Instagram en Facebook)",,,
2026-04-23 17:12:32.312000,Huurdeman,Milou,Groep 1,,,,,,,Ja,,,,,,,,,,,,,,,,,,,,
2026-04-23 17:55:28.327000,van Beeck,Raf,Groep 1,"Aanwezig bij het ontbijt, Aanwezig tijdens de lessen, Aanwezig tijdens de naschoolse activiteiten, Aanwezig bij het avondeten, Overnacht op het kamp","Aanwezig bij het ontbijt, Aanwezig tijdens de lessen, Aanwezig tijdens de naschoolse activiteiten, Aanwezig bij het avondeten, Overnacht op het kamp","Aanwezig bij het ontbijt, Aanwezig tijdens de lessen, Aanwezig tijdens de naschoolse activiteiten, Aanwezig bij het avondeten, Overnacht op het kamp","Aanwezig bij het ontbijt, Aanwezig tijdens de lessen, Aanwezig tijdens de naschoolse activiteiten, Aanwezig bij het avondeten, Overnacht op het kamp",Vegetarisch + vis,,Ja,"Wij komen al op dinsdagavond, Woensdagavond, Donderdagavond, Vrijdagavond",,"Woensdag, Donderdag, Vrijdag, Zaterdag",,,,"Woensdag, Donderdag, Vrijdag, Zaterdag","Woensdag, Donderdag, Vrijdag, Zaterdag",,Ja,"Geen, maar ook vegetarisch+vis dieet",Sylvie van Stralen,sylvie@ntc.fi,+31600000000,Ik gebruik liever Whatsapp,Mijn kind mag deelnemen aan een klassenfoto,Mijn kind mag niet herkenbaar in beeld komen,,,
2026-04-23 20:05:01.540000,Verbeek,Ilse,Groep 6,"Aanwezig tijdens de lessen, Aanwezig tijdens de naschoolse activiteiten, Aanwezig bij het avondeten, Overnacht op het kamp","Aanwezig bij het ontbijt, Aanwezig tijdens de lessen, Aanwezig tijdens de naschoolse activiteiten, Aanwezig bij het avondeten, Overnacht op het kamp","Aanwezig bij het ontbijt, Aanwezig tijdens de lessen, Aanwezig tijdens de naschoolse activiteiten, Aanwezig bij het avondeten, Overnacht op het kamp","Aanwezig bij het ontbijt, Aanwezig tijdens de lessen, Aanwezig tijdens de naschoolse activiteiten",,,Nee,"Woensdagavond, Donderdagavond, Vrijdagavond",,,,"Woensdag, Donderdag, Vrijdag, Zaterdag","Woensdag, Donderdag, Vrijdag","Woensdag, Donderdag, Vrijdag",,,Nee,,Sepp van Duyvenvoorde,sepp@ntc.fi,+358000000000,Ik gebruik liever Signal,Mijn kind mag deelnemen aan een klassenfoto,Alleen op de website en/of drukmateriaal,,,
2026-04-23 22:24:36.810000,Mulders,Lex,Groep 8,Aanwezig tijdens de lessen,Aanwezig tijdens de lessen,Aanwezig tijdens de lessen,Aanwezig tijdens de lessen,-,,Nee,Ik blijf niet slapen,,,,,,,,,Nee,,Bo Heinrichs,bo@ntc.fi,0458000000,Ik gebruik liever Whatsapp,Mijn kind mag deelnemen aan een klassenfoto,"Op de website, in drukmateriaal en op social media (Instagram en Facebook)",,,
2026-04-24 08:34:04.438000,van Vermandois,Maartje,Groep 7,"Aanwezig bij het ontbijt, Aanwezig tijdens de lessen, Aanwezig tijdens de naschoolse activiteiten, Aanwezig bij het avondeten, Overnacht op het kamp","Aanwezig bij het ontbijt, Aanwezig tijdens de lessen, Aanwezig tijdens de naschoolse activiteiten, Aanwezig bij het avondeten, Overnacht op het kamp","Aanwezig bij het ontbijt, Aanwezig tijdens de lessen, Aanwezig tijdens de naschoolse activiteiten, Aanwezig bij het avondeten, Overnacht op het kamp","Aanwezig bij het ontbijt, Aanwezig tijdens de lessen, Aanwezig tijdens de naschoolse activiteiten, Aanwezig bij het avondeten, Overnacht op het kamp",Nvt,,Nee,"Wij komen al op dinsdagavond, Woensdagavond, Donderdagavond, Vrijdagavond",,,"Donderdag, Vrijdag",Vrijdag,Vrijdag,"Woensdag, Donderdag, Vrijdag","Woensdag, Donderdag, Vrijdag",,Nee,Nvt,Janna,janna@ntc.fi,0404000000,Ik gebruik liever Whatsapp,Mijn kind mag deelnemen aan een klassenfoto,"Op de website, in drukmateriaal en op social media (Instagram en Facebook)",,,
2026-04-24 09:28:52.610000,Krabbe,Pleun,Groep 5,Aanwezig tijdens de lessen,Aanwezig tijdens de lessen,Aanwezig tijdens de lessen,Aanwezig tijdens de lessen,,,Nee,Ik blijf niet slapen,,,,,,,,,Nee,,Valerie,valerie@ntc.fi,0503000000,Ik gebruik liever Whatsapp,Mijn kind mag deelnemen aan een klassenfoto,"Op de website, in drukmateriaal en op social media (Instagram en Facebook)",,,
2026-04-24 21:11:09.396000,Tielemans,Elias,Groep 3b,,,,,,,,,,,,,,,,,,,,,,,Mijn kind mag niet deelnemen aan een klassenfoto,Mijn kind mag niet herkenbaar in beeld komen,,,
2026-04-25 11:14:52.840000,Wouters,Tara,Groep 3a,"Aanwezig tijdens de lessen, Aanwezig tijdens de naschoolse activiteiten","Aanwezig tijdens de lessen, Aanwezig tijdens de naschoolse activiteiten","Aanwezig tijdens de lessen, Aanwezig tijdens de naschoolse activiteiten, Aanwezig bij het avondeten, Overnacht op het kamp","Aanwezig bij het ontbijt, Aanwezig tijdens de lessen, Aanwezig tijdens de naschoolse activiteiten",,,Nee,Vrijdagavond,,,"Vrijdag, Zaterdag","Vrijdag, Zaterdag",Vrijdag,,Vrijdag,,Nee,,Lizzy,lizzy@ntc.fi,0504000000,Ik gebruik liever Whatsapp,Mijn kind mag deelnemen aan een klassenfoto,Alleen op de website en/of drukmateriaal,,,
2026-04-25 11:16:44.643000,Wouters,Sienna,Groep 1,"Aanwezig tijdens de lessen, Aanwezig tijdens de naschoolse activiteiten","Aanwezig tijdens de lessen, Aanwezig tijdens de naschoolse activiteiten","Aanwezig tijdens de lessen, Aanwezig tijdens de naschoolse activiteiten, Aanwezig bij het avondeten, Overnacht op het kamp","Aanwezig bij het ontbijt, Aanwezig tijdens de lessen, Aanwezig tijdens de naschoolse activiteiten",,,Nee,Vrijdagavond,,,"Vrijdag, Zaterdag","Vrijdag, Zaterdag",Vrijdag,,Vrijdag,,Nee,,Lize,lize@ntc.fi,0504000000,Ik gebruik liever Whatsapp,Mijn kind mag deelnemen aan een klassenfoto,Alleen op de website en/of drukmateriaal,,,
2026-04-25 13:33:34.568000,Adelaar,Maartje,Groep 2,Aanwezig tijdens de lessen,Aanwezig tijdens de lessen,Aanwezig tijdens de lessen,Aanwezig tijdens de lessen,-,,Nee,Ik blijf niet slapen,,,,,,,,,Nee,-,Cornelia Höning,cornelia@ntc.fi,+358000000000,Ik gebruik liever Whatsapp,Mijn kind mag deelnemen aan een klassenfoto,"Op de website, in drukmateriaal en op social media (Instagram en Facebook)",,,
2026-04-25 20:45:05.416000,Schrik,Britt,Groep 3b,"Aanwezig tijdens de lessen, Aanwezig tijdens de naschoolse activiteiten, Aanwezig bij het avondeten, Overnacht op het kamp","Aanwezig bij het ontbijt, Aanwezig tijdens de lessen, Aanwezig tijdens de naschoolse activiteiten, Aanwezig bij het avondeten, Overnacht op het kamp","Aanwezig bij het ontbijt, Aanwezig tijdens de lessen, Aanwezig tijdens de naschoolse activiteiten, Aanwezig bij het avondeten, Overnacht op het kamp","Aanwezig bij het ontbijt, Aanwezig tijdens de lessen, Aanwezig tijdens de naschoolse activiteiten","Vegetarisch, allergisch voor honden, katten, paarden",,Nee,"Woensdagavond, Donderdagavond, Vrijdagavond",,"Woensdag, Donderdag, Vrijdag, Zaterdag",Zaterdag,Zaterdag,Zaterdag,"Woensdag, Donderdag, Vrijdag, Zaterdag","Woensdag, Donderdag, Vrijdag, Zaterdag",,Ja,,Jake,jake@ntc.fi,+31600000000,Allebij goed,Mijn kind mag deelnemen aan een klassenfoto,Alleen op de website en/of drukmateriaal,,,
2026-04-25 20:48:41.339000,Schrik,Tim,Groep 2,"Aanwezig tijdens de lessen, Aanwezig tijdens de naschoolse activiteiten, Aanwezig bij het avondeten, Overnacht op het kamp","Aanwezig bij het ontbijt, Aanwezig tijdens de lessen, Aanwezig tijdens de naschoolse activiteiten, Aanwezig bij het avondeten, Overnacht op het kamp","Aanwezig bij het ontbijt, Aanwezig tijdens de lessen, Aanwezig tijdens de naschoolse activiteiten, Aanwezig bij het avondeten, Overnacht op het kamp","Aanwezig bij het ontbijt, Aanwezig tijdens de lessen, Aanwezig tijdens de naschoolse activiteiten","Allergies voor Noten (pinda’s en cashewnoten ok), ook allergisch voor soja, melk",,Nee,"Woensdagavond, Donderdagavond, Vrijdagavond",,,,,,,,,,,Jake,jake@ntc.fi,+31600000000,Allebij goed,Mijn kind mag deelnemen aan een klassenfoto,Alleen op de website en/of drukmateriaal,,,
2026-04-25 23:02:03.239000,Koret,Tara,Groep 8,"Aanwezig tijdens de lessen, Aanwezig tijdens de naschoolse activiteiten","Aanwezig tijdens de lessen, Aanwezig tijdens de naschoolse activiteiten","Aanwezig tijdens de lessen, Aanwezig tijdens de naschoolse activiteiten","Aanwezig tijdens de lessen, Aanwezig tijdens de naschoolse activiteiten",,,Nee,Ik blijf niet slapen,,,,,,,,,Nee,,,,,,Mijn kind mag deelnemen aan een klassenfoto,Alleen op de website en/of drukmateriaal,,,
2026-04-26 08:25:43.889000,de Vries,Mia,Groep 8,Aanwezig tijdens de lessen,Aanwezig tijdens de lessen,Aanwezig tijdens de lessen,Aanwezig tijdens de lessen,Laktose intollerant,,Nee,Ik blijf niet slapen,,,,,,,,,Nee,,,,+358000000000,Ik gebruik liever Whatsapp,Mijn kind mag deelnemen aan een klassenfoto,"Op de website, in drukmateriaal en op social media (Instagram en Facebook)",,,
2026-04-26 08:31:19.005000,de Vries,Joël,Groep 4,Aanwezig tijdens de lessen,Aanwezig tijdens de lessen,Aanwezig tijdens de lessen,Aanwezig tijdens de lessen,Hazelnoten. Sporen van is OK. Zal hem zowiezo antihistamine geven elke dag want heeft ook veel last van hooikoorts.,,,,,,,,,,,,,,,,,,Mijn kind mag deelnemen aan een klassenfoto,"Op de website, in drukmateriaal en op social media (Instagram en Facebook)",,,
2026-04-26 10:43:37.383000,Oversteeg,Ninthe,Groep 1,"Aanwezig bij het ontbijt, Aanwezig tijdens de lessen, Aanwezig tijdens de naschoolse activiteiten, Aanwezig bij het avondeten, Overnacht op het kamp","Aanwezig bij het ontbijt, Aanwezig tijdens de lessen, Aanwezig tijdens de naschoolse activiteiten, Aanwezig bij het avondeten, Overnacht op het kamp","Aanwezig bij het ontbijt, Aanwezig tijdens de lessen, Aanwezig tijdens de naschoolse activiteiten, Aanwezig bij het avondeten, Overnacht op het kamp","Aanwezig bij het ontbijt, Aanwezig tijdens de lessen, Aanwezig tijdens de naschoolse activiteiten, Aanwezig bij het avondeten, Overnacht op het kamp",,,Nee,"Wij komen al op dinsdagavond, Woensdagavond, Donderdagavond, Vrijdagavond",,,,,,,,,,,Justin,justin@ntc.fi,44010000000,Ik gebruik liever Whatsapp,Mijn kind mag deelnemen aan een klassenfoto,Mijn kind mag niet herkenbaar in beeld komen,,,
2026-04-26 10:45:03.289000,Oversteeg,Willem,Groep 5,"Aanwezig bij het ontbijt, Aanwezig tijdens de lessen, Aanwezig tijdens de naschoolse activiteiten, Aanwezig bij het avondeten, Overnacht op het kamp","Aanwezig bij het ontbijt, Aanwezig tijdens de lessen, Aanwezig tijdens de naschoolse activiteiten, Aanwezig bij het avondeten, Overnacht op het kamp","Aanwezig bij het ontbijt, Aanwezig tijdens de lessen, Aanwezig tijdens de naschoolse activiteiten, Aanwezig bij het avondeten, Overnacht op het kamp","Aanwezig bij het ontbijt, Aanwezig tijdens de lessen, Aanwezig tijdens de naschoolse activiteiten, Aanwezig bij het avondeten, Overnacht op het kamp",,,Nee,"Wij komen al op dinsdagavond, Woensdagavond, Donderdagavond, Vrijdagavond, Ik blijf niet slapen",,,,,,,,,,,Amira Heribert van Laon,amira@ntc.fi,44010000000,Ik gebruik liever Whatsapp,Mijn kind mag deelnemen aan een klassenfoto,Mijn kind mag niet herkenbaar in beeld komen,,,
2026-04-26 21:32:47.736000,van de Biesenbos,Jayda,Groep 2,"Aanwezig bij het ontbijt, Aanwezig tijdens de lessen, Aanwezig tijdens de naschoolse activiteiten","Aanwezig bij het ontbijt, Aanwezig tijdens de lessen, Aanwezig tijdens de naschoolse activiteiten","Aanwezig bij het ontbijt, Aanwezig tijdens de lessen, Aanwezig tijdens de naschoolse activiteiten","Aanwezig bij het ontbijt, Aanwezig tijdens de lessen, Aanwezig tijdens de naschoolse activiteiten",,,Nee,Wij komen al op dinsdagavond,,,,,,,"Woensdag, Donderdag, Vrijdag",,Ja,,Berend Oosterhout,berend@ntc.fi,+358000000000,Ik gebruik liever Whatsapp,Mijn kind mag deelnemen aan een klassenfoto,"Op de website, in drukmateriaal en op social media (Instagram en Facebook)",,,
2026-04-27 14:54:10.823000,Schilt,Azra,Groep 8,Aanwezig tijdens de lessen,Aanwezig tijdens de lessen,Aanwezig tijdens de lessen,Aanwezig tijdens de lessen,,,Nee,Ik blijf niet slapen,,,,,,,,,,,,,,,Mijn kind mag deelnemen aan een klassenfoto,Alleen op de website en/of drukmateriaal,,,
2026-04-27 22:53:49.005000,Levesque,Dina,Groep 3b,"Aanwezig bij het ontbijt, Aanwezig tijdens de lessen, Aanwezig tijdens de naschoolse activiteiten, Aanwezig bij het avondeten, Overnacht op het kamp","Aanwezig bij het ontbijt, Aanwezig tijdens de lessen, Aanwezig tijdens de naschoolse activiteiten, Aanwezig bij het avondeten, Overnacht op het kamp","Aanwezig bij het ontbijt, Aanwezig tijdens de lessen, Aanwezig tijdens de naschoolse activiteiten, Aanwezig bij het avondeten, Overnacht op het kamp","Aanwezig bij het ontbijt, Aanwezig tijdens de lessen, Aanwezig tijdens de naschoolse activiteiten",,,Nee,"Wij komen al op dinsdagavond, Woensdagavond, Donderdagavond, Vrijdagavond",,"Woensdag, Donderdag, Vrijdag, Zaterdag","Woensdag, Donderdag, Vrijdag, Zaterdag",Zaterdag,Zaterdag,,"Woensdag, Donderdag, Vrijdag",,Ja,,Fleur,fleur@ntc.fi,0451000000,Ik gebruik liever Whatsapp,Mijn kind mag deelnemen aan een klassenfoto,Alleen op de website en/of drukmateriaal,,,
2026-04-27 22:55:44.044000,Levesque,Jules,Groep 2,"Aanwezig bij het ontbijt, Aanwezig tijdens de lessen, Aanwezig tijdens de naschoolse activiteiten, Aanwezig bij het avondeten, Overnacht op het kamp","Aanwezig bij het ontbijt, Aanwezig tijdens de lessen, Aanwezig tijdens de naschoolse activiteiten, Aanwezig bij het avondeten, Overnacht op het kamp","Aanwezig bij het ontbijt, Aanwezig tijdens de lessen, Aanwezig tijdens de naschoolse activiteiten, Aanwezig bij het avondeten, Overnacht op het kamp","Aanwezig bij het ontbijt, Aanwezig tijdens de lessen, Aanwezig tijdens de naschoolse activiteiten",,,Nee,"Wij komen al op dinsdagavond, Woensdagavond, Donderdagavond, Vrijdagavond",,,,,,,,,Ja,,Berend de Gruil,berend@ntc.fi,0400000000,Allebij goed,Mijn kind mag deelnemen aan een klassenfoto,Alleen op de website en/of drukmateriaal,,,
2026-04-28 22:37:22.183000,Geldens,Wessel,Groep 6,Aanwezig tijdens de lessen,Aanwezig tijdens de lessen,Aanwezig tijdens de lessen,Aanwezig tijdens de lessen,"vegetarisch (ei, vis en melk ok)",,,,,,,,,,,,,,,,,,Mijn kind mag deelnemen aan een klassenfoto,Alleen op de website en/of drukmateriaal,,,
2026-04-29 12:36:31.438000,van Bentheim,Abel,Groep 4,Aanwezig tijdens de lessen,Aanwezig tijdens de lessen,Aanwezig tijdens de lessen,Aanwezig tijdens de lessen,geen,,Nee,Ik blijf niet slapen,,,,Zaterdag,,,,,Ja,geen,Chloé van Duvenvoirde,chloe@ntc.fi,050-0000000,Allebij goed,Mijn kind mag deelnemen aan een klassenfoto,Alleen op de website en/of drukmateriaal,,,
2026-04-29 12:37:31.276000,van Bentheim,Benjamin,Groep 2,Aanwezig tijdens de lessen,Aanwezig tijdens de lessen,Aanwezig tijdens de lessen,Aanwezig tijdens de lessen,geen,,Nee,Ik blijf niet slapen,,,,Zaterdag,,,,,Ja,geen,Chloé van Duvenvoirde,chloe@ntc.fi,045-0000000,Allebij goed,Mijn kind mag deelnemen aan een klassenfoto,Alleen op de website en/of drukmateriaal,,,
2026-04-29 21:14:40.506000,de Hoogh,Boris,Groep 1,"Aanwezig tijdens de lessen, Aanwezig tijdens de naschoolse activiteiten, Aanwezig bij het avondeten, Overnacht op het kamp","Aanwezig bij het ontbijt, Aanwezig tijdens de lessen, Aanwezig tijdens de naschoolse activiteiten, Aanwezig bij het avondeten, Overnacht op het kamp","Aanwezig bij het ontbijt, Aanwezig tijdens de lessen, Aanwezig tijdens de naschoolse activiteiten, Aanwezig bij het avondeten, Overnacht op het kamp","Aanwezig bij het ontbijt, Aanwezig tijdens de lessen, Aanwezig tijdens de naschoolse activiteiten",,,Ja,"Woensdagavond, Donderdagavond, Vrijdagavond",,,,,,,,,Nee,"Lactose, ui, knoflook, bonen en peulvruchten, koolsoorten, bloemkool, appel. ",Pim,pim@ntc.fi,+358000000000,Ik gebruik liever Whatsapp,Mijn kind mag deelnemen aan een klassenfoto,"Op de website, in drukmateriaal en op social media (Instagram en Facebook)",,,
2026-04-30 15:36:42.732000,Grondel,Justin,Groep 3a,"Aanwezig tijdens de lessen, Aanwezig tijdens de naschoolse activiteiten, Aanwezig bij het avondeten","Aanwezig tijdens de lessen, Aanwezig tijdens de naschoolse activiteiten, Aanwezig bij het avondeten",,Aanwezig tijdens de lessen,,,Nee,Ik blijf niet slapen,,,,"Woensdag, Donderdag, Zaterdag","Woensdag, Donderdag, Zaterdag","Woensdag, Donderdag",,,Ja,,,,0502000000,Ik gebruik liever Whatsapp,Mijn kind mag deelnemen aan een klassenfoto,"Op de website, in drukmateriaal en op social media (Instagram en Facebook)",,,
2026-05-02 13:07:33.410000,van Gils,Niels,Groep 5,Aanwezig tijdens de lessen,Aanwezig tijdens de lessen,"Aanwezig tijdens de lessen, Aanwezig tijdens de naschoolse activiteiten, Aanwezig bij het avondeten",Aanwezig tijdens de lessen,,,Nee,Ik blijf niet slapen,,,,"Woensdag, Donderdag, Vrijdag, Zaterdag","Woensdag, Donderdag, Vrijdag",Vrijdag,,,Nee,,Aaliyah van der Spaendonc,aaliyah@ntc.fi,0442000000,Ik gebruik liever Signal,Mijn kind mag deelnemen aan een klassenfoto,Mijn kind mag niet herkenbaar in beeld komen,,,
2026-05-02 16:07:00.774000,Middelkoop,Amir,Groep 3b,"Aanwezig bij het ontbijt, Aanwezig tijdens de lessen, Aanwezig tijdens de naschoolse activiteiten, Aanwezig bij het avondeten","Aanwezig bij het ontbijt, Aanwezig tijdens de lessen, Aanwezig tijdens de naschoolse activiteiten, Aanwezig bij het avondeten","Aanwezig bij het ontbijt, Aanwezig tijdens de lessen, Aanwezig tijdens de naschoolse activiteiten, Aanwezig bij het avondeten","Aanwezig bij het ontbijt, Aanwezig tijdens de lessen, Aanwezig tijdens de naschoolse activiteiten, Aanwezig bij het avondeten",Huiswerk,,Nee,Ik blijf niet slapen,,,,,,,,,Nee,,Lukas Oemencs,lukas@ntc.fi,+358000000000,,Mijn kind mag deelnemen aan een klassenfoto,Alleen op de website en/of drukmateriaal,,,
2026-05-02 17:33:16.299000,van Duivenvoorde,Dave,Groep 3a,"Aanwezig bij het ontbijt, Aanwezig tijdens de lessen, Aanwezig tijdens de naschoolse activiteiten, Aanwezig bij het avondeten, Overnacht op het kamp","Aanwezig bij het ontbijt, Aanwezig tijdens de lessen, Aanwezig tijdens de naschoolse activiteiten, Aanwezig bij het avondeten, Overnacht op het kamp","Aanwezig bij het ontbijt, Aanwezig tijdens de lessen, Aanwezig tijdens de naschoolse activiteiten, Aanwezig bij het avondeten, Overnacht op het kamp","Aanwezig bij het ontbijt, Aanwezig tijdens de lessen, Aanwezig tijdens de naschoolse activiteiten, Aanwezig bij het avondeten, Overnacht op het kamp",Nee,,Ja,"Woensdagavond, Donderdagavond, Vrijdagavond",,,,"Vrijdag, Zaterdag","Vrijdag, Zaterdag",,,,Nee,,Joëlle,joelle@ntc.fi,0406000000,Ik gebruik liever Whatsapp,Mijn kind mag deelnemen aan een klassenfoto,"Op de website, in drukmateriaal en op social media (Instagram en Facebook)",,,
2026-05-03 11:30:24.411000,van Dijk,Femke,Groep 1,Aanwezig tijdens de lessen,Aanwezig tijdens de lessen,"Aanwezig bij het ontbijt, Aanwezig tijdens de lessen, Aanwezig tijdens de naschoolse activiteiten","Aanwezig bij het ontbijt, Aanwezig tijdens de lessen",,,Ja,Vrijdagavond,,Zaterdag,Zaterdag,"Woensdag, Donderdag, Zaterdag",Donderdag,Vrijdag,Vrijdag,,Ja,,Fay,fay@ntc.fi,0406000000,Ik gebruik liever Whatsapp,Mijn kind mag deelnemen aan een klassenfoto,Mijn kind mag niet herkenbaar in beeld komen,,,
2026-05-04 10:18:22.510000,de Boer,Yfke,Groep 4,"Aanwezig bij het ontbijt, Aanwezig tijdens de lessen, Aanwezig tijdens de naschoolse activiteiten, Aanwezig bij het avondeten, Overnacht op het kamp","Aanwezig bij het ontbijt, Aanwezig tijdens de lessen, Aanwezig tijdens de naschoolse activiteiten, Aanwezig bij het avondeten, Overnacht op het kamp","Aanwezig bij het ontbijt, Aanwezig tijdens de lessen, Aanwezig tijdens de naschoolse activiteiten, Aanwezig bij het avondeten, Overnacht op het kamp","Aanwezig bij het ontbijt, Aanwezig tijdens de lessen, Aanwezig tijdens de naschoolse activiteiten",Vega,,Nee,"Woensdagavond, Donderdagavond, Vrijdagavond",,"Donderdag, Vrijdag, Zaterdag",Zaterdag,Zaterdag,Zaterdag,"Woensdag, Donderdag, Vrijdag","Woensdag, Donderdag, Vrijdag",,Ja,,Sep Fiere,sep@ntc.fi,0503000000,Ik gebruik liever Whatsapp,Mijn kind mag deelnemen aan een klassenfoto,Mijn kind mag niet herkenbaar in beeld komen,,,
2026-05-04 10:20:05.461000,de Boer,Liza,Groep 2,"Aanwezig tijdens de lessen, Aanwezig tijdens de naschoolse activiteiten, Aanwezig bij het avondeten, Overnacht op het kamp","Aanwezig bij het ontbijt, Aanwezig tijdens de lessen, Aanwezig tijdens de naschoolse activiteiten, Aanwezig bij het avondeten, Overnacht op het kamp","Aanwezig bij het ontbijt, Aanwezig tijdens de lessen, Aanwezig tijdens de naschoolse activiteiten, Aanwezig bij het avondeten, Overnacht op het kamp","Aanwezig bij het ontbijt, Aanwezig tijdens de lessen, Aanwezig tijdens de naschoolse activiteiten",,,Nee,"Woensdagavond, Donderdagavond, Vrijdagavond",,"Donderdag, Vrijdag, Zaterdag","Donderdag, Vrijdag, Zaterdag",Zaterdag,Zaterdag,"Woensdag, Donderdag, Vrijdag","Woensdag, Donderdag, Vrijdag",,Ja,,Elin,elin@ntc.fi,0503000000,Ik gebruik liever Whatsapp,Mijn kind mag deelnemen aan een klassenfoto,Mijn kind mag niet herkenbaar in beeld komen,,,
2026-05-04 10:29:13.276000,van Emmelen,Jolie,Groep 3a,"Aanwezig bij het ontbijt, Aanwezig tijdens de lessen, Aanwezig tijdens de naschoolse activiteiten","Aanwezig bij het ontbijt, Aanwezig tijdens de lessen, Aanwezig tijdens de naschoolse activiteiten","Aanwezig bij het ontbijt, Aanwezig tijdens de lessen, Aanwezig tijdens de naschoolse activiteiten","Aanwezig bij het ontbijt, Aanwezig tijdens de lessen, Aanwezig tijdens de naschoolse activiteiten",,,Nee,"Wij komen al op dinsdagavond, Woensdagavond, Donderdagavond, Vrijdagavond",,"Donderdag, Vrijdag",Zaterdag,Zaterdag,,"Woensdag, Donderdag, Vrijdag","Woensdag, Donderdag, Vrijdag",,,,Joey,joey@ntc.fi,04000000000,Ik gebruik liever Whatsapp,Mijn kind mag deelnemen aan een klassenfoto,Mijn kind mag niet herkenbaar in beeld komen,,,
2026-05-04 10:33:34.127000,Janse,Féline,Groep 4,,,,,,,Nee,Ik blijf niet slapen,,,,,,,,,Nee,,Jay,jay@ntc.fi,041-0000000,Ik gebruik liever Signal,Mijn kind mag deelnemen aan een klassenfoto,Alleen op de website en/of drukmateriaal,,,
2026-05-04 10:35:15.136000,Zaal,Sem,Groep 3b,"Aanwezig tijdens de lessen, Aanwezig tijdens de naschoolse activiteiten","Aanwezig tijdens de lessen, Aanwezig tijdens de naschoolse activiteiten","Aanwezig tijdens de lessen, Aanwezig tijdens de naschoolse activiteiten, Aanwezig bij het avondeten, Overnacht op het kamp",Aanwezig tijdens de lessen,,,Nee,Vrijdagavond,,,,Vrijdag,Vrijdag,Vrijdag,,,Nee,,Alex Wilmont,alex@ntc.fi,+358000000000,Ik gebruik liever Whatsapp,Mijn kind mag deelnemen aan een klassenfoto,Mijn kind mag niet herkenbaar in beeld komen,,,
2026-05-04 10:36:37.746000,Zaal,Daan,Groep 5,"Aanwezig tijdens de lessen, Aanwezig tijdens de naschoolse activiteiten","Aanwezig tijdens de lessen, Aanwezig tijdens de naschoolse activiteiten","Aanwezig tijdens de lessen, Aanwezig tijdens de naschoolse activiteiten, Aanwezig bij het avondeten, Overnacht op het kamp",Aanwezig tijdens de lessen,,,Nee,Vrijdagavond,,,,Vrijdag,Vrijdag,Vrijdag,,,Nee,,Alex Wilmont,alex@ntc.fi,+358000000000,Ik gebruik liever Whatsapp,Mijn kind mag deelnemen aan een klassenfoto,Mijn kind mag niet herkenbaar in beeld komen,,,
2026-05-04 11:11:37.531000,van Ham,Joël,Groep 7,Aanwezig tijdens de lessen,Aanwezig tijdens de lessen,Aanwezig tijdens de lessen,Aanwezig tijdens de lessen,,,Nee,Ik blijf niet slapen,,,,,,,,,,,Muhammed van Mare,muhammed@ntc.fi,0443000000,,Mijn kind mag deelnemen aan een klassenfoto,Mijn kind mag niet herkenbaar in beeld komen,,,
2026-05-04 11:12:50.308000,van Ham,Wout,Groep 5,Aanwezig tijdens de lessen,Aanwezig tijdens de lessen,Aanwezig tijdens de lessen,Aanwezig tijdens de lessen,,,Nee,Ik blijf niet slapen,,,,,,,,,,,Muhammed van Mare,muhammed@ntc.fi,0443000000,,Mijn kind mag deelnemen aan een klassenfoto,Mijn kind mag niet herkenbaar in beeld komen,,,
2026-05-04 11:34:37.224000,van der Sande,Johanna,Groep 1,"Aanwezig tijdens de lessen, Aanwezig tijdens de naschoolse activiteiten","Aanwezig tijdens de lessen, Aanwezig tijdens de naschoolse activiteiten","Aanwezig tijdens de lessen, Aanwezig tijdens de naschoolse activiteiten","Aanwezig tijdens de lessen, Aanwezig tijdens de naschoolse activiteiten",,,Ja,Ik blijf niet slapen,,,,,,,,,,,Jesse van der Strigt,jesse@ntc.fi,+32400000000,Allebij goed,Mijn kind mag deelnemen aan een klassenfoto,Alleen op de website en/of drukmateriaal,,,
2026-05-04 11:51:48.522000,Simons,Joey,Groep 3b,"Aanwezig tijdens de lessen, Aanwezig tijdens de naschoolse activiteiten","Aanwezig tijdens de lessen, Aanwezig tijdens de naschoolse activiteiten","Aanwezig tijdens de lessen, Aanwezig tijdens de naschoolse activiteiten, Aanwezig bij het avondeten",Aanwezig tijdens de lessen,,,Nee,Ik blijf niet slapen,,,,,,,,,Nee,,Karlijn Michielsen,karlijn@ntc.fi,0417000000,Ik gebruik geen van beide,Mijn kind mag deelnemen aan een klassenfoto,"Op de website, in drukmateriaal en op social media (Instagram en Facebook)",,,
2026-05-04 11:53:04.931000,Simons,Lily,Groep 6,"Aanwezig tijdens de lessen, Aanwezig tijdens de naschoolse activiteiten","Aanwezig tijdens de lessen, Aanwezig tijdens de naschoolse activiteiten","Aanwezig tijdens de lessen, Aanwezig tijdens de naschoolse activiteiten, Aanwezig bij het avondeten",Aanwezig tijdens de lessen,,,Nee,Ik blijf niet slapen,,,,,,,,,Nee,,Karlijn Michielsen,karlijn@ntc.fi,0417000000,Ik gebruik geen van beide,Mijn kind mag deelnemen aan een klassenfoto,"Op de website, in drukmateriaal en op social media (Instagram en Facebook)",,,
2026-05-04 11:54:10.353000,Simons,Lana,Groep 8,"Aanwezig tijdens de lessen, Aanwezig tijdens de naschoolse activiteiten","Aanwezig tijdens de lessen, Aanwezig tijdens de naschoolse activiteiten","Aanwezig tijdens de lessen, Aanwezig tijdens de naschoolse activiteiten, Aanwezig bij het avondeten",Aanwezig tijdens de lessen,,,Nee,Ik blijf niet slapen,,,,,,,,,Nee,,Karlijn Michielsen,karlijn@ntc.fi,0417000000,Ik gebruik geen van beide,Mijn kind mag deelnemen aan een klassenfoto,"Op de website, in drukmateriaal en op social media (Instagram en Facebook)",,,
2026-05-04 11:57:36.704000,Muller,Berat,Groep 2,Aanwezig tijdens de lessen,Aanwezig tijdens de lessen,Aanwezig tijdens de lessen,Aanwezig tijdens de lessen,Allergisch voor noten en sesamzaad,,Nee,Ik blijf niet slapen,,,,,,,,,Nee,,,,,,Mijn kind mag deelnemen aan een klassenfoto,Mijn kind mag niet herkenbaar in beeld komen,,,
2026-05-04 12:25:52.126000,Scardino,Carlijn,Groep 4,"Aanwezig tijdens de lessen, Aanwezig tijdens de naschoolse activiteiten","Aanwezig tijdens de lessen, Aanwezig tijdens de naschoolse activiteiten","Aanwezig tijdens de lessen, Aanwezig tijdens de naschoolse activiteiten, Aanwezig bij het avondeten, Overnacht op het kamp","Aanwezig tijdens de lessen, Aanwezig tijdens de naschoolse activiteiten",,,Nee,Vrijdagavond,,,,,,,,,,vegetarisch,Stan Luboch,stan@ntc.fi,0614000000,Ik gebruik liever Whatsapp,Mijn kind mag deelnemen aan een klassenfoto,Alleen op de website en/of drukmateriaal,,,
2026-05-04 12:47:10.260000,Wigman,Maya,Groep 4,"Aanwezig tijdens de lessen, Aanwezig tijdens de naschoolse activiteiten, Aanwezig bij het avondeten","Aanwezig tijdens de lessen, Aanwezig tijdens de naschoolse activiteiten, Aanwezig bij het avondeten","Aanwezig tijdens de lessen, Aanwezig tijdens de naschoolse activiteiten, Aanwezig bij het avondeten","Aanwezig tijdens de lessen, Aanwezig tijdens de naschoolse activiteiten",,,Nee,Ik blijf niet slapen,,,,"Woensdag, Donderdag, Vrijdag, Zaterdag","Woensdag, Donderdag, Vrijdag, Zaterdag","Woensdag, Donderdag, Vrijdag",Vrijdag,,Ja,,Amber Jaceps,amber@ntc.fi,044 0000000,Allebij goed,Mijn kind mag deelnemen aan een klassenfoto,"Op de website, in drukmateriaal en op social media (Instagram en Facebook)",,,
2026-05-04 14:28:58.538000,Beourgeois,Teun,Groep 1,,,"Aanwezig tijdens de lessen, Aanwezig tijdens de naschoolse activiteiten, Aanwezig bij het avondeten","Aanwezig tijdens de lessen, Aanwezig tijdens de naschoolse activiteiten",Cashew en Pistache allergie - compleet vermijden. ,,Ja,Vrijdagavond,,,,,,,,,Nee,,Jolie,jolie@ntc.fi,+358000000000,Allebij goed,Mijn kind mag deelnemen aan een klassenfoto,Alleen op de website en/of drukmateriaal,,,
2026-05-04 15:11:19.654000,van den Berg,Wout,Groep 6,"Aanwezig tijdens de lessen, Aanwezig tijdens de naschoolse activiteiten, Aanwezig bij het avondeten, Overnacht op het kamp","Aanwezig bij het ontbijt, Aanwezig tijdens de lessen, Aanwezig tijdens de naschoolse activiteiten, Aanwezig bij het avondeten, Overnacht op het kamp","Aanwezig bij het ontbijt, Aanwezig tijdens de lessen, Aanwezig tijdens de naschoolse activiteiten, Aanwezig bij het avondeten, Overnacht op het kamp","Aanwezig bij het ontbijt, Aanwezig tijdens de lessen, Aanwezig tijdens de naschoolse activiteiten, Aanwezig bij het avondeten, Overnacht op het kamp",Noten allergie!,,Nee,"Woensdagavond, Donderdagavond, Vrijdagavond",,"Woensdag, Donderdag, Vrijdag, Zaterdag","Woensdag, Donderdag, Vrijdag, Zaterdag",Zaterdag,Zaterdag,Zaterdag,"Woensdag, Donderdag, Vrijdag, Zaterdag",,Ja,,Annabel de Boer,annabel@ntc.fi,040-0000000,Ik gebruik liever Whatsapp,Mijn kind mag deelnemen aan een klassenfoto,Alleen op de website en/of drukmateriaal,,,
2026-05-04 15:12:27.877000,de la Fleche,Siem,Groep 5,Aanwezig tijdens de lessen,Aanwezig tijdens de lessen,Aanwezig tijdens de lessen,Aanwezig tijdens de lessen,,,Nee,Ik blijf niet slapen,,,,,,,,,Nee,,Fem van Vermandois,fem@ntc.fi,+358000000000,Ik gebruik liever Whatsapp,Mijn kind mag deelnemen aan een klassenfoto,"Op de website, in drukmateriaal en op social media (Instagram en Facebook)",,,
2026-05-04 16:14:20.735000,van de Plas,Emily,Groep 6,"Aanwezig tijdens de lessen, Aanwezig tijdens de naschoolse activiteiten, Aanwezig bij het avondeten, Overnacht op het kamp","Aanwezig bij het ontbijt, Aanwezig tijdens de lessen, Aanwezig tijdens de naschoolse activiteiten, Aanwezig bij het avondeten, Overnacht op het kamp","Aanwezig bij het ontbijt, Aanwezig tijdens de lessen, Aanwezig tijdens de naschoolse activiteiten, Aanwezig bij het avondeten, Overnacht op het kamp","Aanwezig bij het ontbijt, Aanwezig tijdens de lessen",vegetarisch,,Nee,"Woensdagavond, Donderdagavond, Vrijdagavond",,,"Donderdag, Vrijdag, Zaterdag","Woensdag, Donderdag, Vrijdag","Woensdag, Donderdag, Vrijdag","Woensdag, Donderdag, Vrijdag",,,Nee,vegetarisch,Lina Huisman,lina@ntc.fi,0413000000,Allebij goed,Mijn kind mag deelnemen aan een klassenfoto,Mijn kind mag niet herkenbaar in beeld komen,,,
2026-05-04 16:15:18.558000,van Oudewater,Myrthe,Groep 4,"Aanwezig tijdens de lessen, Aanwezig tijdens de naschoolse activiteiten, Aanwezig bij het avondeten, Overnacht op het kamp","Aanwezig bij het ontbijt, Aanwezig tijdens de lessen, Aanwezig tijdens de naschoolse activiteiten, Aanwezig bij het avondeten, Overnacht op het kamp","Aanwezig bij het ontbijt, Aanwezig tijdens de lessen, Aanwezig tijdens de naschoolse activiteiten, Aanwezig bij het avondeten, Overnacht op het kamp","Aanwezig bij het ontbijt, Aanwezig tijdens de lessen, Aanwezig tijdens de naschoolse activiteiten",vegetarisch,,,,,,,,,,,,,,,,,,Mijn kind mag deelnemen aan een klassenfoto,Mijn kind mag niet herkenbaar in beeld komen,,,
2026-05-04 16:22:22.150000,Janssen,Tirza,Groep 6,Aanwezig tijdens de lessen,"Aanwezig tijdens de lessen, Aanwezig tijdens de naschoolse activiteiten, Aanwezig bij het avondeten, Overnacht op het kamp","Aanwezig tijdens de lessen, Aanwezig tijdens de naschoolse activiteiten, Aanwezig bij het avondeten, Overnacht op het kamp","Aanwezig tijdens de lessen, Aanwezig tijdens de naschoolse activiteiten",,,Nee,"Donderdagavond, Vrijdagavond",,,Zaterdag,,Vrijdag,Vrijdag,,,,pescatarian ,Raf van der Maes,raf@ntc.fi,0404000000,Allebij goed,Mijn kind mag deelnemen aan een klassenfoto,"Op de website, in drukmateriaal en op social media (Instagram en Facebook)",,,
2026-05-04 17:51:35.286000,de Heer,Kim,Groep 6,"Aanwezig tijdens de lessen, Aanwezig tijdens de naschoolse activiteiten, Aanwezig bij het avondeten, Overnacht op het kamp","Aanwezig bij het ontbijt, Aanwezig tijdens de lessen, Aanwezig tijdens de naschoolse activiteiten, Aanwezig bij het avondeten, Overnacht op het kamp","Aanwezig bij het ontbijt, Aanwezig tijdens de lessen, Aanwezig tijdens de naschoolse activiteiten, Aanwezig bij het avondeten, Overnacht op het kamp","Aanwezig bij het ontbijt, Aanwezig tijdens de lessen, Aanwezig tijdens de naschoolse activiteiten",,,Nee,"Woensdagavond, Donderdagavond, Vrijdagavond",,,,,,"Woensdag, Donderdag, Vrijdag","Woensdag, Donderdag, Vrijdag",,Ja,,Bart Vertooren,bart@ntc.fi,0408000000,Allebij goed,Mijn kind mag deelnemen aan een klassenfoto,"Op de website, in drukmateriaal en op social media (Instagram en Facebook)",,,
2026-05-04 19:13:05.189000,van Beieren,Joël,Groep 3b,"Aanwezig bij het ontbijt, Aanwezig tijdens de lessen, Aanwezig tijdens de naschoolse activiteiten, Aanwezig bij het avondeten, Overnacht op het kamp","Aanwezig bij het ontbijt, Aanwezig tijdens de lessen, Aanwezig tijdens de naschoolse activiteiten, Aanwezig bij het avondeten, Overnacht op het kamp","Aanwezig bij het ontbijt, Aanwezig tijdens de lessen, Aanwezig tijdens de naschoolse activiteiten, Aanwezig bij het avondeten, Overnacht op het kamp",Aanwezig bij het ontbijt,,,Nee,Woensdagavond,,,,,,"Woensdag, Donderdag, Vrijdag",,,Nee,,Mustafa de Marduras,mustafa@ntc.fi,+358000000000,Allebij goed,Mijn kind mag deelnemen aan een klassenfoto,Alleen op de website en/of drukmateriaal,,,
2026-05-04 19:50:01.231000,Kremer,Jack,Groep 8,"Aanwezig tijdens de lessen, Aanwezig tijdens de naschoolse activiteiten, Aanwezig bij het avondeten, Overnacht op het kamp","Aanwezig bij het ontbijt, Aanwezig tijdens de lessen, Aanwezig tijdens de naschoolse activiteiten, Aanwezig bij het avondeten, Overnacht op het kamp","Aanwezig bij het ontbijt, Aanwezig tijdens de lessen, Aanwezig tijdens de naschoolse activiteiten, Aanwezig bij het avondeten, Overnacht op het kamp","Aanwezig bij het ontbijt, Aanwezig tijdens de lessen, Aanwezig tijdens de naschoolse activiteiten",,,Nee,"Woensdagavond, Donderdagavond, Vrijdagavond",,,,,,,,,Ja,,Nora,nora@ntc.fi,0442000000,Allebij goed,Mijn kind mag deelnemen aan een klassenfoto,Mijn kind mag niet herkenbaar in beeld komen,,,
2026-05-04 19:51:20.820000,Kremer,Kai,Groep 3b,"Aanwezig tijdens de lessen, Aanwezig tijdens de naschoolse activiteiten, Aanwezig bij het avondeten, Overnacht op het kamp","Aanwezig bij het ontbijt, Aanwezig tijdens de lessen, Aanwezig tijdens de naschoolse activiteiten, Aanwezig bij het avondeten, Overnacht op het kamp","Aanwezig bij het ontbijt, Aanwezig tijdens de lessen, Aanwezig tijdens de naschoolse activiteiten, Aanwezig bij het avondeten, Overnacht op het kamp","Aanwezig bij het ontbijt, Aanwezig tijdens de lessen, Aanwezig tijdens de naschoolse activiteiten",,,Nee,"Woensdagavond, Donderdagavond, Vrijdagavond",,,,,,,,,Nee,,,,,,Mijn kind mag deelnemen aan een klassenfoto,Mijn kind mag niet herkenbaar in beeld komen,,,
2026-05-04 19:54:31.094000,Meyer,Jaylinn,Groep 4,"Aanwezig tijdens de lessen, Aanwezig tijdens de naschoolse activiteiten, Aanwezig bij het avondeten, Overnacht op het kamp","Aanwezig bij het ontbijt, Aanwezig tijdens de lessen, Aanwezig tijdens de naschoolse activiteiten, Aanwezig bij het avondeten, Overnacht op het kamp","Aanwezig bij het ontbijt, Aanwezig tijdens de lessen, Aanwezig tijdens de naschoolse activiteiten, Aanwezig bij het avondeten, Overnacht op het kamp","Aanwezig bij het ontbijt, Aanwezig tijdens de lessen",,,Nee,"Woensdagavond, Donderdagavond, Vrijdagavond",,,,,,,,,Nee,,Wesley,wesley@ntc.fi,0400000000,Ik gebruik liever Whatsapp,Mijn kind mag deelnemen aan een klassenfoto,Alleen op de website en/of drukmateriaal,,,
2026-05-04 19:55:16.906000,Meyer,Janna,Groep 2,"Aanwezig tijdens de lessen, Aanwezig tijdens de naschoolse activiteiten, Aanwezig bij het avondeten, Overnacht op het kamp","Aanwezig bij het ontbijt, Aanwezig tijdens de lessen, Aanwezig tijdens de naschoolse activiteiten, Aanwezig bij het avondeten, Overnacht op het kamp","Aanwezig bij het ontbijt, Aanwezig tijdens de lessen, Aanwezig tijdens de naschoolse activiteiten, Aanwezig bij het avondeten, Overnacht op het kamp","Aanwezig bij het ontbijt, Aanwezig tijdens de lessen, Aanwezig tijdens de naschoolse activiteiten, Aanwezig bij het avondeten",,,,,,,,,,,,,,,,,,,Mijn kind mag deelnemen aan een klassenfoto,Alleen op de website en/of drukmateriaal,,,
2026-05-04 20:04:48.075000,Olthof,Liza,Groep 7,Aanwezig tijdens de lessen,Aanwezig tijdens de lessen,Aanwezig tijdens de lessen,Aanwezig tijdens de lessen,Geen allergieën ,,Nee,Ik blijf niet slapen,,,,"Donderdag, Vrijdag, Zaterdag","Donderdag, Vrijdag",,,,Nee,Geen allergieën ,Pieter,pieter@ntc.fi,0503000000,Ik gebruik liever Whatsapp,Mijn kind mag deelnemen aan een klassenfoto,Mijn kind mag niet herkenbaar in beeld komen,,,
2026-05-04 20:06:14.429000,Olthof,Emma,Groep 3a,Aanwezig tijdens de lessen,Aanwezig tijdens de lessen,Aanwezig tijdens de lessen,Aanwezig tijdens de lessen,Geen allergieën ,,,,,,,,,,,,,,,,,,Mijn kind mag deelnemen aan een klassenfoto,Mijn kind mag niet herkenbaar in beeld komen,,,
2026-05-04 20:25:09.215000,Totwiller,Jaylinn,Groep 6,"Aanwezig tijdens de lessen, Aanwezig tijdens de naschoolse activiteiten","Aanwezig tijdens de lessen, Aanwezig tijdens de naschoolse activiteiten",,,,,Nee,Ik blijf niet slapen,,,,,,,,,Nee,,,,,Ik gebruik geen van beide,Mijn kind mag niet deelnemen aan een klassenfoto,Mijn kind mag niet herkenbaar in beeld komen,,,
2026-05-04 20:58:17.029000,van der Berg,Rick,Groep 3a,Aanwezig tijdens de lessen,Aanwezig tijdens de lessen,"Aanwezig tijdens de lessen, Aanwezig tijdens de naschoolse activiteiten, Aanwezig bij het avondeten, Overnacht op het kamp","Aanwezig bij het ontbijt, Aanwezig tijdens de lessen, Aanwezig tijdens de naschoolse activiteiten",,,Nee,Vrijdagavond,,,,,,,,,Nee,,Kyara,kyara@ntc.fi,0505000000,Ik gebruik liever Whatsapp,Mijn kind mag deelnemen aan een klassenfoto,Alleen op de website en/of drukmateriaal,,,
2026-05-04 20:59:00.700000,van der Berg,Juliette,Groep 1,Aanwezig tijdens de lessen,Aanwezig tijdens de lessen,"Aanwezig tijdens de lessen, Aanwezig tijdens de naschoolse activiteiten, Aanwezig bij het avondeten, Overnacht op het kamp","Aanwezig bij het ontbijt, Aanwezig tijdens de lessen, Aanwezig tijdens de naschoolse activiteiten",,,,,,,,,,,,,,,,,,,Mijn kind mag deelnemen aan een klassenfoto,Alleen op de website en/of drukmateriaal,,,
2026-05-04 22:19:12.485000,de Koning,Vajèn,Groep 2,"Aanwezig tijdens de lessen, Aanwezig tijdens de naschoolse activiteiten, Aanwezig bij het avondeten, Overnacht op het kamp","Aanwezig tijdens de lessen, Aanwezig tijdens de naschoolse activiteiten, Aanwezig bij het avondeten, Overnacht op het kamp","Aanwezig tijdens de lessen, Aanwezig tijdens de naschoolse activiteiten, Aanwezig bij het avondeten, Overnacht op het kamp",Aanwezig tijdens de lessen,"Melkvrij (geen melkeiwit proteinen), kan soms maar 90% niet.",,Nee,"Woensdagavond, Donderdagavond, Vrijdagavond",,,,,,,,,Ja,,Amira,amira@ntc.fi,+324000000000,Ik gebruik liever Whatsapp,Mijn kind mag deelnemen aan een klassenfoto,Alleen op de website en/of drukmateriaal,,,
2026-05-04 22:22:52.228000,de Koning,Stef,Groep 1,"Aanwezig tijdens de lessen, Aanwezig tijdens de naschoolse activiteiten, Aanwezig bij het avondeten, Overnacht op het kamp","Aanwezig tijdens de lessen, Aanwezig tijdens de naschoolse activiteiten, Aanwezig bij het avondeten, Overnacht op het kamp","Aanwezig tijdens de lessen, Aanwezig tijdens de naschoolse activiteiten, Aanwezig bij het avondeten, Overnacht op het kamp",Aanwezig tijdens de lessen,"Melkvrij, 80% van de tijd",,Nee,"Woensdagavond, Donderdagavond, Vrijdagavond",,,,,,,,,Ja,,Amira,amira@ntc.fi,+324000000000,Ik gebruik liever Whatsapp,Mijn kind mag deelnemen aan een klassenfoto,Alleen op de website en/of drukmateriaal,,,
2026-05-05 16:02:44.382000,Schenkel,Lisa,Groep 3b,"Aanwezig bij het ontbijt, Aanwezig tijdens de lessen, Aanwezig tijdens de naschoolse activiteiten, Aanwezig bij het avondeten, Overnacht op het kamp","Aanwezig bij het ontbijt, Aanwezig tijdens de lessen, Aanwezig tijdens de naschoolse activiteiten, Aanwezig bij het avondeten, Overnacht op het kamp","Aanwezig bij het ontbijt, Aanwezig tijdens de lessen, Aanwezig tijdens de naschoolse activiteiten, Aanwezig bij het avondeten, Overnacht op het kamp","Aanwezig bij het ontbijt, Aanwezig tijdens de lessen",,,Nee,"Wij komen al op dinsdagavond, Woensdagavond, Donderdagavond, Vrijdagavond",,,,,,,,,Nee,,Elize,elize@ntc.fi,0406000000,Allebij goed,Mijn kind mag deelnemen aan een klassenfoto,"Op de website, in drukmateriaal en op social media (Instagram en Facebook)",,,
2026-05-05 18:28:15.955000,'s Gravensande,Elizabeth,Groep 6,,"Aanwezig tijdens de lessen, Aanwezig tijdens de naschoolse activiteiten","Aanwezig bij het ontbijt, Aanwezig tijdens de lessen, Aanwezig tijdens de naschoolse activiteiten","Aanwezig bij het ontbijt, Aanwezig tijdens de lessen, Aanwezig tijdens de naschoolse activiteiten",,,Nee,"Donderdagavond, Vrijdagavond",,,,,"Donderdag, Vrijdag, Zaterdag","Donderdag, Vrijdag, Zaterdag","Donderdag, Vrijdag, Zaterdag",,Nee,,Hailey,hailey@ntc.fi,0403000000,Allebij goed,Mijn kind mag deelnemen aan een klassenfoto,Alleen op de website en/of drukmateriaal,,,
2026-05-05 18:33:01.789000,'s Gravensande,Puk,Groep 8,,"Aanwezig tijdens de lessen, Aanwezig tijdens de naschoolse activiteiten","Aanwezig bij het ontbijt, Aanwezig tijdens de lessen, Aanwezig tijdens de naschoolse activiteiten","Aanwezig bij het ontbijt, Aanwezig tijdens de lessen, Aanwezig tijdens de naschoolse activiteiten",,,Nee,"Donderdagavond, Vrijdagavond",,,"Vrijdag, Zaterdag","Vrijdag, Zaterdag","Donderdag, Vrijdag, Zaterdag","Donderdag, Vrijdag","Donderdag, Vrijdag",,Nee,,Hailey,hailey@ntc.fi,0403000000,Allebij goed,Mijn kind mag deelnemen aan een klassenfoto,Alleen op de website en/of drukmateriaal,,,
2026-05-05 19:03:06.567000,Post,Isa,Groep 6,,,"Aanwezig bij het ontbijt, Aanwezig tijdens de lessen","Aanwezig bij het ontbijt, Aanwezig tijdens de lessen",,,Nee,"Donderdagavond, Vrijdagavond",,,,,,,,,,,,,,,Mijn kind mag deelnemen aan een klassenfoto,Alleen op de website en/of drukmateriaal,,,
2026-05-05 19:04:16.614000,Post,Jelle,Groep 3b,,,"Aanwezig bij het ontbijt, Aanwezig tijdens de lessen","Aanwezig bij het ontbijt, Aanwezig tijdens de lessen",,,Nee,"Donderdagavond, Vrijdagavond",,,,,,,,,,,,,,,Mijn kind mag deelnemen aan een klassenfoto,Alleen op de website en/of drukmateriaal,,,
2026-05-07 12:38:36.856000,van Vermandois,Eline,Groep 7,Aanwezig tijdens de lessen,Aanwezig tijdens de lessen,Aanwezig tijdens de lessen,Aanwezig tijdens de lessen,,,Nee,Ik blijf niet slapen,,,,"Woensdag, Donderdag, Vrijdag, Zaterdag","Woensdag, Donderdag, Vrijdag",,,,Nee,Ik neem mijn eigen lunch mee.,Jelle van Gorp,jelle@ntc.fi,045 00000000,Allebij goed,Mijn kind mag deelnemen aan een klassenfoto,"Op de website, in drukmateriaal en op social media (Instagram en Facebook)",,,
2026-05-07 12:42:33.457000,van Vermandois,Faas,Groep 5,Aanwezig tijdens de lessen,Aanwezig tijdens de lessen,Aanwezig tijdens de lessen,Aanwezig tijdens de lessen,"Erwt (eiwit) -- niet ernstig, maar bijvoorbeeld liever geen vegane vleesvervangers waar dit inzit.",,,,,,,,,,,,,,,,,,Mijn kind mag deelnemen aan een klassenfoto,"Op de website, in drukmateriaal en op social media (Instagram en Facebook)",,,
2026-05-07 17:11:46.641000,de Gratie,Jolie,Groep 3a,"Aanwezig tijdens de lessen, Aanwezig tijdens de naschoolse activiteiten, Aanwezig bij het avondeten, Overnacht op het kamp","Aanwezig bij het ontbijt, Aanwezig tijdens de lessen, Aanwezig tijdens de naschoolse activiteiten, Aanwezig bij het avondeten, Overnacht op het kamp","Aanwezig bij het ontbijt, Aanwezig tijdens de lessen, Aanwezig tijdens de naschoolse activiteiten, Aanwezig bij het avondeten, Overnacht op het kamp","Aanwezig bij het ontbijt, Aanwezig tijdens de lessen, Aanwezig tijdens de naschoolse activiteiten",,,Nee,"Woensdagavond, Donderdagavond, Vrijdagavond",,,,,,,,,Ja,,,,0449000000,Ik gebruik liever Whatsapp,Mijn kind mag deelnemen aan een klassenfoto,"Op de website, in drukmateriaal en op social media (Instagram en Facebook)",,,
2026-05-07 17:13:12.972000,de Gratie,Mika,Groep 6,"Aanwezig tijdens de lessen, Aanwezig tijdens de naschoolse activiteiten, Aanwezig bij het avondeten, Overnacht op het kamp","Aanwezig bij het ontbijt, Aanwezig tijdens de lessen, Aanwezig tijdens de naschoolse activiteiten, Aanwezig bij het avondeten, Overnacht op het kamp","Aanwezig bij het ontbijt, Aanwezig tijdens de lessen, Aanwezig tijdens de naschoolse activiteiten, Aanwezig bij het avondeten, Overnacht op het kamp","Aanwezig bij het ontbijt, Aanwezig tijdens de lessen, Aanwezig tijdens de naschoolse activiteiten",,,Nee,"Woensdagavond, Donderdagavond, Vrijdagavond",,,,,,,,,Ja,,Mika,mika@ntc.fi,0449000000,Ik gebruik liever Whatsapp,Mijn kind mag deelnemen aan een klassenfoto,"Op de website, in drukmateriaal en op social media (Instagram en Facebook)",,,
2026-05-07 20:55:33.025000,Scholten,Floortje,Groep 8,,"Aanwezig tijdens de lessen, Aanwezig tijdens de naschoolse activiteiten","Aanwezig tijdens de lessen, Aanwezig tijdens de naschoolse activiteiten","Aanwezig bij het ontbijt, Aanwezig tijdens de lessen, Aanwezig tijdens de naschoolse activiteiten",,,Nee,Ik blijf niet slapen,,,,,,,,,Ja,,Tygo,tygo@ntc.fi,0449000000,Ik gebruik liever Signal,Mijn kind mag deelnemen aan een klassenfoto,Alleen op de website en/of drukmateriaal,,,
2026-05-08 09:31:04.659000,Weylant,Stef,Groep 2,"Aanwezig tijdens de lessen, Aanwezig tijdens de naschoolse activiteiten","Aanwezig tijdens de lessen, Aanwezig tijdens de naschoolse activiteiten","Aanwezig tijdens de lessen, Aanwezig tijdens de naschoolse activiteiten","Aanwezig tijdens de lessen, Aanwezig tijdens de naschoolse activiteiten",Lactosevrij,,Nee,Ik blijf niet slapen,,,,,,,,,Nee,,Nora,nora@ntc.fi,0456000000,Ik gebruik liever Whatsapp,Mijn kind mag deelnemen aan een klassenfoto,"Op de website, in drukmateriaal en op social media (Instagram en Facebook)",,,
2026-05-08 09:31:45.880000,Weylant,Benjamin,Groep 3b,"Aanwezig tijdens de lessen, Aanwezig tijdens de naschoolse activiteiten","Aanwezig tijdens de lessen, Aanwezig tijdens de naschoolse activiteiten","Aanwezig tijdens de lessen, Aanwezig tijdens de naschoolse activiteiten","Aanwezig tijdens de lessen, Aanwezig tijdens de naschoolse activiteiten",,,Nee,Ik blijf niet slapen,,,,,,,,,,,,,,,Mijn kind mag deelnemen aan een klassenfoto,"Op de website, in drukmateriaal en op social media (Instagram en Facebook)",,,
2026-05-08 12:22:07.829000,Sire,Feline,Groep 1,"Aanwezig tijdens de lessen, Aanwezig tijdens de naschoolse activiteiten, Aanwezig bij het avondeten, Overnacht op het kamp","Aanwezig bij het ontbijt, Aanwezig tijdens de lessen, Aanwezig tijdens de naschoolse activiteiten, Aanwezig bij het avondeten, Overnacht op het kamp","Aanwezig bij het ontbijt, Aanwezig tijdens de lessen, Aanwezig tijdens de naschoolse activiteiten, Aanwezig bij het avondeten, Overnacht op het kamp","Aanwezig bij het ontbijt, Aanwezig tijdens de lessen",,,Nee,"Woensdagavond, Donderdagavond, Vrijdagavond",,,,"Woensdag, Donderdag, Vrijdag, Zaterdag","Woensdag, Donderdag, Vrijdag",,,,Ja,Glutenvrij en lactosevrij (maar ga er niet dood van),Juliette,juliette@ntc.fi,0503000000,Allebij goed,Mijn kind mag deelnemen aan een klassenfoto,Alleen op de website en/of drukmateriaal,,,
2026-05-08 12:22:57.231000,Sire,Melle,Groep 3b,"Aanwezig tijdens de lessen, Aanwezig tijdens de naschoolse activiteiten, Aanwezig bij het avondeten, Overnacht op het kamp","Aanwezig bij het ontbijt, Aanwezig tijdens de lessen, Aanwezig tijdens de naschoolse activiteiten, Aanwezig bij het avondeten, Overnacht op het kamp","Aanwezig bij het ontbijt, Aanwezig tijdens de lessen, Aanwezig tijdens de naschoolse activiteiten, Aanwezig bij het avondeten, Overnacht op het kamp","Aanwezig bij het ontbijt, Aanwezig tijdens de lessen",,,,,,,,,,,,,,,,,,,Mijn kind mag deelnemen aan een klassenfoto,Alleen op de website en/of drukmateriaal,,,
2026-05-08 18:24:43.437000,van Lucel,Imke,Groep 1,,,,"Aanwezig tijdens de lessen, Aanwezig tijdens de naschoolse activiteiten, Aanwezig bij het avondeten",,,Ja,Ik blijf niet slapen,,,,,,,,,,,Maja Koning,maja@ntc.fi,0404000000,Allebij goed,Mijn kind mag deelnemen aan een klassenfoto,Mijn kind mag niet herkenbaar in beeld komen,,,
2026-05-09 09:58:45.386000,Zaal,Mats,Groep 8,,,"Aanwezig tijdens de lessen, Aanwezig tijdens de naschoolse activiteiten",Aanwezig tijdens de lessen,,,Nee,Ik blijf niet slapen,,,,,,,,,Nee,,Dana Wever,dana@ntc.fi,,Ik gebruik liever Signal,Mijn kind mag deelnemen aan een klassenfoto,Mijn kind mag niet herkenbaar in beeld komen,,,
2026-05-09 10:20:02.306000,Mol,Ninthe,Groep 3a,Aanwezig tijdens de lessen,Aanwezig tijdens de lessen,Aanwezig tijdens de lessen,Aanwezig tijdens de lessen,,,Nee,Ik blijf niet slapen,,,,"Woensdag, Donderdag, Vrijdag, Zaterdag","Woensdag, Donderdag, Vrijdag, Zaterdag",,,,Nee,,Michael Vignon,michael@ntc.fi,,Ik gebruik liever Whatsapp,Mijn kind mag deelnemen aan een klassenfoto,Mijn kind mag niet herkenbaar in beeld komen,,,
2026-05-09 10:51:58.297000,Claesdr,Cornelia,Groep 3a,"Aanwezig bij het ontbijt, Aanwezig tijdens de lessen, Aanwezig tijdens de naschoolse activiteiten, Aanwezig bij het avondeten, Overnacht op het kamp","Aanwezig bij het ontbijt, Aanwezig tijdens de lessen, Aanwezig tijdens de naschoolse activiteiten, Aanwezig bij het avondeten, Overnacht op het kamp","Aanwezig bij het ontbijt, Aanwezig tijdens de lessen, Aanwezig tijdens de naschoolse activiteiten, Aanwezig bij het avondeten, Overnacht op het kamp","Aanwezig bij het ontbijt, Aanwezig tijdens de lessen, Aanwezig tijdens de naschoolse activiteiten",,,Nee,"Wij komen al op dinsdagavond, Woensdagavond, Donderdagavond, Vrijdagavond",,"Donderdag, Vrijdag","Donderdag, Vrijdag","Donderdag, Vrijdag","Donderdag, Vrijdag","Donderdag, Vrijdag","Donderdag, Vrijdag",,Ja,,Suze,suze@ntc.fi,40620000000,Ik gebruik liever Whatsapp,Mijn kind mag deelnemen aan een klassenfoto,Mijn kind mag niet herkenbaar in beeld komen,,,
2026-05-09 12:39:20.867000,"Bourgondië, van",Linde,Groep 3a,"Aanwezig bij het ontbijt, Aanwezig tijdens de lessen, Aanwezig tijdens de naschoolse activiteiten, Aanwezig bij het avondeten, Overnacht op het kamp","Aanwezig bij het ontbijt, Aanwezig tijdens de lessen, Aanwezig tijdens de naschoolse activiteiten, Aanwezig bij het avondeten, Overnacht op het kamp","Aanwezig bij het ontbijt, Aanwezig tijdens de lessen, Aanwezig tijdens de naschoolse activiteiten, Aanwezig bij het avondeten, Overnacht op het kamp","Aanwezig bij het ontbijt, Aanwezig tijdens de lessen, Aanwezig tijdens de naschoolse activiteiten, Aanwezig bij het avondeten",,,Nee,"Woensdagavond, Donderdagavond, Vrijdagavond",,,,"Woensdag, Donderdag, Vrijdag, Zaterdag","Woensdag, Donderdag, Vrijdag, Zaterdag",,,,Nee,,Sil Smits,sil@ntc.fi,0449000000,Allebij goed,Mijn kind mag deelnemen aan een klassenfoto,"Op de website, in drukmateriaal en op social media (Instagram en Facebook)",,,
2026-05-09 18:52:42.552000,van Holland,Bilal,Groep 2,"Aanwezig bij het ontbijt, Aanwezig tijdens de lessen, Aanwezig tijdens de naschoolse activiteiten, Aanwezig bij het avondeten, Overnacht op het kamp","Aanwezig bij het ontbijt, Aanwezig tijdens de lessen, Aanwezig tijdens de naschoolse activiteiten, Aanwezig bij het avondeten, Overnacht op het kamp","Aanwezig bij het ontbijt, Aanwezig tijdens de lessen, Aanwezig tijdens de naschoolse activiteiten, Aanwezig bij het avondeten, Overnacht op het kamp","Aanwezig bij het ontbijt, Aanwezig tijdens de lessen",,,Nee,"Wij komen al op dinsdagavond, Woensdagavond, Donderdagavond, Vrijdagavond",,,,,,,,,,,Olivia,olivia@ntc.fi,0449000000,Ik gebruik liever Whatsapp,Mijn kind mag deelnemen aan een klassenfoto,Alleen op de website en/of drukmateriaal,,,
2026-05-09 21:34:54.303000,Mol,Aaron,Groep 3a,,,,Aanwezig tijdens de lessen,nvt,,Nee,Ik blijf niet slapen,,,,,,,,,Nee,,Bibi,bibi@ntc.fi,0449000000,Ik gebruik liever Whatsapp,Mijn kind mag deelnemen aan een klassenfoto,"Op de website, in drukmateriaal en op social media (Instagram en Facebook)",,,
2026-05-09 21:36:05.327000,Mol,Vigo,Groep 1,,,,Aanwezig tijdens de lessen,,,Ja,Ik blijf niet slapen,,,,,,,,,Nee,,Bibi,bibi@ntc.fi,0449000000,Ik gebruik liever Whatsapp,Mijn kind mag deelnemen aan een klassenfoto,"Op de website, in drukmateriaal en op social media (Instagram en Facebook)",,,
2026-05-09 21:54:58.917000,Huisman,Julie,Groep 7,"Aanwezig tijdens de lessen, Aanwezig tijdens de naschoolse activiteiten, Aanwezig bij het avondeten, Overnacht op het kamp","Aanwezig bij het ontbijt, Aanwezig tijdens de lessen, Aanwezig tijdens de naschoolse activiteiten, Aanwezig bij het avondeten, Overnacht op het kamp","Aanwezig bij het ontbijt, Aanwezig tijdens de lessen, Aanwezig tijdens de naschoolse activiteiten, Aanwezig bij het avondeten, Overnacht op het kamp","Aanwezig bij het ontbijt, Aanwezig tijdens de lessen, Aanwezig tijdens de naschoolse activiteiten, Aanwezig bij het avondeten",,,Nee,"Woensdagavond, Donderdagavond, Vrijdagavond",,,,,,Vrijdag,"Woensdag, Donderdag, Vrijdag",,,,Selena Tammerijn,selena@ntc.fi,0504000000,Ik gebruik liever Whatsapp,Mijn kind mag deelnemen aan een klassenfoto,"Op de website, in drukmateriaal en op social media (Instagram en Facebook)",,,
2026-05-10 10:04:08.211000,Dubois,Britt,Groep 8,,"Aanwezig tijdens de lessen, Aanwezig tijdens de naschoolse activiteiten, Aanwezig bij het avondeten, Overnacht op het kamp","Aanwezig bij het ontbijt, Aanwezig tijdens de lessen, Aanwezig tijdens de naschoolse activiteiten",,,,Ja,Donderdagavond,,Vrijdag,Vrijdag,"Donderdag, Vrijdag","Donderdag, Vrijdag",Donderdag,Donderdag,,Nee,,Suze Unruoch Hunerik,suze@ntc.fi,0451000000,Ik gebruik liever Whatsapp,Mijn kind mag deelnemen aan een klassenfoto,Alleen op de website en/of drukmateriaal,,,
2026-05-10 10:05:29.384000,Dubois,Tijmen,Groep 6,,"Aanwezig tijdens de lessen, Aanwezig tijdens de naschoolse activiteiten, Aanwezig bij het avondeten, Overnacht op het kamp","Aanwezig bij het ontbijt, Aanwezig tijdens de lessen, Aanwezig tijdens de naschoolse activiteiten",,,,Ja,Donderdagavond,,Vrijdag,Vrijdag,"Donderdag, Vrijdag","Donderdag, Vrijdag",Donderdag,Donderdag,,Nee,,Suze Unruoch Hunerik,suze@ntc.fi,0451000000,Ik gebruik liever Whatsapp,Mijn kind mag deelnemen aan een klassenfoto,Alleen op de website en/of drukmateriaal,,,
2026-05-10 10:07:36.191000,Dubois,Benthe,Groep 4,,"Aanwezig tijdens de lessen, Aanwezig tijdens de naschoolse activiteiten, Aanwezig bij het avondeten, Overnacht op het kamp","Aanwezig bij het ontbijt, Aanwezig tijdens de lessen, Aanwezig tijdens de naschoolse activiteiten",,,,Ja,Donderdagavond,,Vrijdag,Vrijdag,"Donderdag, Vrijdag","Donderdag, Vrijdag",Donderdag,Donderdag,,Nee,,Suze Unruoch Hunerik,suze@ntc.fi,0451000000,Ik gebruik liever Whatsapp,Mijn kind mag deelnemen aan een klassenfoto,Alleen op de website en/of drukmateriaal,,,
2026-05-10 10:08:59.445000,Dubois,Linde,Groep 3a,,"Aanwezig tijdens de lessen, Aanwezig tijdens de naschoolse activiteiten, Aanwezig bij het avondeten, Overnacht op het kamp","Aanwezig bij het ontbijt, Aanwezig tijdens de lessen, Aanwezig tijdens de naschoolse activiteiten",,,,Ja,Donderdagavond,,Vrijdag,Vrijdag,"Donderdag, Vrijdag","Donderdag, Vrijdag",Donderdag,Donderdag,,Nee,,Suze Unruoch Hunerik,suze@ntc.fi,0451000000,Ik gebruik liever Whatsapp,Mijn kind mag deelnemen aan een klassenfoto,Alleen op de website en/of drukmateriaal,,,
2026-05-10 11:13:01.725000,van Laarhoven,Dave,Groep 2,Aanwezig tijdens de lessen,Aanwezig tijdens de lessen,"Aanwezig tijdens de lessen, Aanwezig tijdens de naschoolse activiteiten, Aanwezig bij het avondeten",,,,Nee,Ik blijf niet slapen,,,,,Vrijdag,Vrijdag,,,Ja,,Jaylinn van Goerle,jaylinn@ntc.fi,+458000000000,Allebij goed,Mijn kind mag deelnemen aan een klassenfoto,Alleen op de website en/of drukmateriaal,,,
2026-05-10 13:03:10.166000,van Wickerode,Giel,Groep 2,"Aanwezig tijdens de lessen, Aanwezig tijdens de naschoolse activiteiten","Aanwezig tijdens de lessen, Aanwezig tijdens de naschoolse activiteiten","Aanwezig tijdens de lessen, Aanwezig tijdens de naschoolse activiteiten","Aanwezig tijdens de lessen, Aanwezig tijdens de naschoolse activiteiten",,,Nee,Ik blijf niet slapen,,,,"Woensdag, Donderdag, Vrijdag, Zaterdag","Woensdag, Donderdag, Vrijdag, Zaterdag",,,,Nee,,Lukas Sas,lukas@ntc.fi,0458000000,Allebij goed,Mijn kind mag deelnemen aan een klassenfoto,Alleen op de website en/of drukmateriaal,,,
2026-05-11 10:00:30.461000,Alpaidis,Carlijn,Groep 5,"Aanwezig bij het ontbijt, Aanwezig tijdens de lessen, Aanwezig tijdens de naschoolse activiteiten, Aanwezig bij het avondeten, Overnacht op het kamp","Aanwezig bij het ontbijt, Aanwezig tijdens de lessen, Aanwezig tijdens de naschoolse activiteiten, Aanwezig bij het avondeten, Overnacht op het kamp","Aanwezig bij het ontbijt, Aanwezig tijdens de lessen, Aanwezig tijdens de naschoolse activiteiten, Aanwezig bij het avondeten, Overnacht op het kamp","Aanwezig bij het ontbijt, Aanwezig tijdens de lessen",,,Nee,Wij komen al op dinsdagavond,,,,,,,,,Nee,Vegetarier,Arie van Ghoerle,arie@ntc.fi,0451000000,Allebij goed,Mijn kind mag deelnemen aan een klassenfoto,"Op de website, in drukmateriaal en op social media (Instagram en Facebook)",,,
2026-05-13 16:13:30.014000,van den Velden,Julie,Groep 4,"Aanwezig bij het ontbijt, Aanwezig tijdens de lessen, Aanwezig tijdens de naschoolse activiteiten","Aanwezig bij het ontbijt, Aanwezig tijdens de lessen, Aanwezig tijdens de naschoolse activiteiten","Aanwezig bij het ontbijt, Aanwezig tijdens de lessen, Aanwezig tijdens de naschoolse activiteiten","Aanwezig bij het ontbijt, Aanwezig tijdens de lessen, Aanwezig tijdens de naschoolse activiteiten",Paprika,,Nee,"Woensdagavond, Donderdagavond, Vrijdagavond",,,,,"Woensdag, Donderdag, Vrijdag, Zaterdag","Woensdag, Donderdag, Vrijdag",,,Nee,,Dani de Swart,dani@ntc.fi,0456000000,Ik gebruik liever Whatsapp,Mijn kind mag deelnemen aan een klassenfoto,Mijn kind mag niet herkenbaar in beeld komen,,,
2026-05-13 21:01:51.148000,Molenaar,Dean,Groep 4,"Aanwezig tijdens de lessen, Aanwezig tijdens de naschoolse activiteiten, Aanwezig bij het avondeten, Overnacht op het kamp","Aanwezig bij het ontbijt, Aanwezig tijdens de lessen, Aanwezig tijdens de naschoolse activiteiten, Aanwezig bij het avondeten, Overnacht op het kamp","Aanwezig tijdens de lessen, Aanwezig tijdens de naschoolse activiteiten, Aanwezig bij het avondeten, Overnacht op het kamp","Aanwezig bij het ontbijt, Aanwezig tijdens de lessen",Geen allergiën!,,Nee,"Woensdagavond, Donderdagavond, Vrijdagavond",,,,"Woensdag, Donderdag, Vrijdag, Zaterdag","Woensdag, Donderdag, Vrijdag","Woensdag, Donderdag, Vrijdag",Vrijdag,,Ja,Geen allergiën!,Elizabeth,elizabeth@ntc.fi,040-0000000,Ik gebruik liever Whatsapp,Mijn kind mag deelnemen aan een klassenfoto,"Op de website, in drukmateriaal en op social media (Instagram en Facebook)",,,
2026-05-13 21:03:01.239000,de Jonge,Joëlle,Groep 1,"Aanwezig tijdens de lessen, Aanwezig tijdens de naschoolse activiteiten","Aanwezig tijdens de lessen, Aanwezig tijdens de naschoolse activiteiten, Aanwezig bij het avondeten","Aanwezig tijdens de lessen, Aanwezig tijdens de naschoolse activiteiten, Aanwezig bij het avondeten, Overnacht op het kamp","Aanwezig tijdens de lessen, Aanwezig tijdens de naschoolse activiteiten, Aanwezig bij het avondeten",Geen,,Ja,Vrijdagavond,,,,,,,,,Ja,,Sterre,sterre@ntc.fi,0404000000,Allebij goed,Mijn kind mag deelnemen aan een klassenfoto,Alleen op de website en/of drukmateriaal,,,
2026-05-13 21:45:30.826000,Kleybrink,Bryan,Groep 2,"Aanwezig bij het ontbijt, Aanwezig tijdens de lessen","Aanwezig bij het ontbijt, Aanwezig tijdens de lessen","Aanwezig bij het ontbijt, Aanwezig tijdens de lessen","Aanwezig bij het ontbijt, Aanwezig tijdens de lessen",-,,Nee,Ik blijf niet slapen,,,,,,,,,Nee,-,Valentijn,valentijn@ntc.fi,04570000000,Ik gebruik liever Whatsapp,Mijn kind mag deelnemen aan een klassenfoto,Mijn kind mag niet herkenbaar in beeld komen,,,
2026-05-16 17:56:14.674000,de Man,Britt,Groep 5,,,,,,,,,,,,,,,,,,,,,,,Mijn kind mag deelnemen aan een klassenfoto,Mijn kind mag niet herkenbaar in beeld komen,,,
